{"_timestamp":1.7575696100191677e+09,"gc_dist_loss (train)":696.4310913085938,"Processing Time UC":0.17628026008605957,"train_action_samples":{"_type":"images/separated","width":1850,"height":1050,"format":"png","count":1,"filenames":["media/images/train_action_samples_11_031f5633ed8885e370e6.png"]},"_wandb":{"runtime":180},"_step":322,"flow_loss":420.791259765625,"uc_action_loss (train)":7256.91064453125,"Mean Processing Time GC":0.05479776859283447,"total_loss":420.791259765625,"gc_multi_action_waypts_cos_sim (train)":0.6541013121604919,"Processing Time GC":0.2191910743713379,"gc_action_loss (train)":7651.31982421875,"Mean Processing Time UC":0.04407006502151489,"_runtime":180,"uc_multi_action_waypts_cos_sim (train)":0.7501936554908752,"gc_action_waypts_cos_sim (train)":0.586895227432251,"uc_action_waypts_cos_sim (train)":0.883808434009552}