{"gc_dist_loss (train)":1002.5291748046875,"total_loss":1.534072756767273,"Mean Processing Time UC":0.016365230083465576,"_wandb":{"runtime":3557},"gc_multi_action_waypts_cos_sim (train)":0.931355893611908,"train_action_samples":{"count":1,"filenames":["media/images/train_action_samples_8067_afe9cec4beece536de63.png"],"_type":"images/separated","width":1850,"height":1050,"format":"png"},"flow_loss":1.534072756767273,"_timestamp":1.757556138996186e+09,"uc_action_waypts_cos_sim (train)":0.9168855547904968,"_step":8736,"Processing Time UC":0.0654609203338623,"uc_multi_action_waypts_cos_sim (train)":0.9700296521186829,"uc_action_loss (train)":1047.3480224609375,"gc_action_waypts_cos_sim (train)":0.7309243679046631,"_runtime":3557,"Mean Processing Time GC":0.026546835899353027,"Processing Time GC":0.10618734359741211,"gc_action_loss (train)":580.004638671875}