{"uc_action_loss (train)":864.0233154296875,"gc_multi_action_waypts_cos_sim (train)":0.823794424533844,"Mean Processing Time GC":0.06030768156051636,"Processing Time GC":0.24123072624206543,"total_loss":1.712118148803711,"gc_action_waypts_cos_sim (train)":0.5818355083465576,"gc_dist_loss (train)":955.0497436523438,"uc_multi_action_waypts_cos_sim (train)":0.9400548338890076,"_step":248,"_wandb":{"runtime":148},"flow_loss":1.712118148803711,"gc_action_loss (train)":1251.01025390625,"train_action_samples":{"width":1850,"height":1050,"format":"png","count":1,"filenames":["media/images/train_action_samples_11_28317fdea5d617d11911.png"],"_type":"images/separated"},"uc_action_waypts_cos_sim (train)":0.8972011208534241,"_runtime":148,"Mean Processing Time UC":0.04692983627319336,"Processing Time UC":0.18771934509277344,"_timestamp":1.757570627038516e+09}