{"uc_action_loss (train)":761.6143798828125,"uc_action_waypts_cos_sim (train)":0.8510834574699402,"_step":7617,"uc_multi_action_waypts_cos_sim (train)":0.8983600735664368,"train_action_samples":{"width":1850,"height":1050,"format":"png","count":1,"filenames":["media/images/train_action_samples_6053_0b1d616c9ea64d864885.png"],"_type":"images/separated"},"total_loss":1.4030890464782715,"_wandb":{"runtime":2977},"Processing Time GC":0.09205389022827148,"gc_action_waypts_cos_sim (train)":0.7127745151519775,"gc_action_loss (train)":780.248046875,"flow_loss":1.4030890464782715,"Mean Processing Time GC":0.09205389022827148,"gc_multi_action_waypts_cos_sim (train)":0.9031907320022583,"_runtime":2977,"Processing Time UC":0.04001736640930176,"gc_dist_loss (train)":962.6397094726562,"_timestamp":1.7575736482996242e+09,"Mean Processing Time UC":0.04001736640930176}